S.No.,Date,"Module / Category","Task Name",Description,Deliverables,Priority,Status
1,10-09-2026,"Core Architecture","Project Audit & Migration Setup","Audited workspace structure, verified data stores, and established dynamic page routing for SSSUTMS portal.","Config files, directory routes, base architecture",High,Completed
2,10-09-2026,"Bug Fix / Frontend","Character Entity & Symbol Encoding Fix","Resolved raw &amp; character entity issues across diploma/degree course names and template outputs for clean typographical rendering.","Clean typography, proper &amp; decoding in templates",High,Completed
3,10-09-2026,"Content Sync","Diploma & Institute Name Restoration","Fixed missing institute names in Diploma courses to strictly match the live web portal layout.","Accurate Diploma course listings with institute names",Medium,Completed
4,10-09-2026,"Feature / SEO","Dynamic SEO & Meta Details System","Implemented complete dynamic SEO system (meta title, description, keywords, canonical URL, OG social tags) across all pages.","Dynamic meta tag engine in includes/header.php",High,Completed
5,10-09-2026,"Admin Portal","SEO Tab Integration in Admin Editors","Integrated dynamic SEO & Meta Details tabs with live Google SERP preview and character counters in admin/about.php & admin/faculties.php.","SEO editor tabs in Admin panel for all pages",High,Completed
6,10-09-2026,Compliance,"Public Self Disclosure (45 Parameters) Sync","Audited all 45 statutory parameters for UGC/NAAC Public Self Disclosure, connecting active live documents and internal routes.","data/public_disclosure.json, Public_Self_Disclosure.php",High,Completed
7,10-09-2026,"Academic Section","Faculties & Departments (14 Units) Full Sync","Created and synced all 14 Faculty pages with dean profiles, department structures, stat counters, and syllabus PDF attachments.","14 Academic faculty files, data/faculty_pages.json",High,Completed
8,10-09-2026,"About Section","About Pages (42 Pages) Audit & Live Sync","Verified and connected all 42 sub-pages and nested pages under About menu, ensuring zero broken links and 100% HTTP 200 responses.","42 About pages, data/about_pages.json, admin/about.php",High,Completed
9,10-09-2026,Institutes,"Institutes Page Live Link Alignment","Synced About/Institutes.php with live site. Only live-linked pages have anchor tags; unlinked units remain clean static cards.","Authentic link structure for 14 institutes + 4 pharmacy units",High,Completed
10,10-09-2026,"UI / Layout","Institutes 2-Column Responsive Grid","Converted Institutes page cards from single-column vertical list to modern 2-column balanced responsive grid.","Bootstrap 2-column grid layout in About/Institutes.php",Medium,Completed
11,10-09-2026,"UI / Layout","Institutes Card Height & Width Uniformity","Engineered .institute-grid-card CSS rules (min-height: 62px, width: 100%, height: 100%) to ensure strictly identical card dimensions.","Uniform card dimensions in assets/css/style.css",High,Completed
12,10-09-2026,"Content Cleanup","Removal of Dummy Banners & Extra Subtitles","Removed extra dark blue top banner card and all 18 dummy subtitles, retaining strictly the authentic live portal content.","Clean live text in data/about_pages.json & fallback",High,Completed
13,10-09-2026,"CSS Bug Fix","Heading Accent Underline Center Alignment Fix","Fixed CSS bug where centered headings (e.g. INSTITUTE) had orange underline stuck at left: 0. Added left: 50% with translateX(-50%).","Symmetric heading underline centering in style.css",Medium,Completed
14,10-09-2026,"Admin Styling","Admin Button Brand Color Harmonization","Styled admin primary buttons with portal dark navy gradient (#0b2545 to #134074) and gold hover accents (#f59e0b).","Brand color button system in assets/css/admin.css",Medium,Completed
15,10-09-2026,"Admin Portal","Admin About Pages Cards Redesign (Equal Height)","Redesigned all 42 page cards in admin/about.php with d-flex stretch, fixed slot heights for badges/titles/paths/desc, and fixed stat icon contrast.","100% equal height grid cards in admin/about.php",High,Completed
