S.No.,Date,"Section / Category","Page Name","File Path","Work Done & Deliverables",Priority,Status
1,10-09-2026,"Core Architecture","Home Page & Banner Slider",index.php,"Integrated dynamic CMS notices, announcements, quick links, and responsive banner slider.",High,Completed
2,10-09-2026,"Core Architecture","Global Header & SEO Engine",includes/header.php,"Integrated dynamic SEO meta engine (title, meta description, keywords, canonical URLs, OG social tags).",High,Completed
3,10-09-2026,"Core Architecture","Global Design System & Stylesheet",assets/css/style.css,"Configured .institute-grid-card uniform heights/widths and centered heading underline ::after alignment.",High,Completed
4,10-09-2026,"Admin Portal","Admin Styling & Button Theme",assets/css/admin.css,"Updated brand button color system to dark navy gradient (#0b2545 to #134074) and gold hover accents (#f59e0b).",High,Completed
5,10-09-2026,"Admin Portal","About Section Pages Manager",admin/about.php,"Redesigned all 42 card layouts to strictly equal height with d-flex column stretch, fixed slot heights, and dynamic SEO tabs.",High,Completed
6,10-09-2026,"Admin Portal","Faculties & Departments Manager",admin/faculties.php,"Integrated dynamic SEO tabs, dean profile management, stat counters, and syllabus PDF attachments.",High,Completed
7,10-09-2026,"About - Overview & History",Background,About/Background.php,"Verified HTTP 200, synchronized live portal data, connected dynamic SEO meta tags, and verified layout.",Medium,Completed
8,10-09-2026,"About - Overview & History",Institutes,About/Institutes.php,"Synced with live site; 2-column grid layout; cards with strictly equal height & width; removed dummy banners & extra subtitles; centered heading underline.",High,Completed
9,10-09-2026,"About - Overview & History","Promoting Society",About/PromotingSociety.php,"Verified HTTP 200, synchronized live portal data, connected dynamic SEO meta tags, and verified layout.",Medium,Completed
10,10-09-2026,"About - Overview & History","Vision & Mission",About/VisionAndMission.php,"Verified HTTP 200, synchronized live portal data, connected dynamic SEO meta tags, and verified layout.",Medium,Completed
11,10-09-2026,"About - Overview & History","Core Values",About/CoreValues.php,"Verified HTTP 200, synchronized live portal data, connected dynamic SEO meta tags, and verified layout.",Medium,Completed
12,10-09-2026,"About - Overview & History","Best Practices",About/BestPractices.php,"Verified HTTP 200, synchronized live portal data, connected dynamic SEO meta tags, and verified layout.",Medium,Completed
13,10-09-2026,"About - University Officials",Chancellor,About/UniversityOfficials/Chancellor.php,"Standardized profile view, dean/official bio, dynamic SEO tags, contact details, and document attachment.",Medium,Completed
14,10-09-2026,"About - University Officials","Vice Chancellor",About/UniversityOfficials/ViceChancellor.php,"Standardized profile view, dean/official bio, dynamic SEO tags, contact details, and document attachment.",Medium,Completed
15,10-09-2026,"About - University Officials",Registrar,About/UniversityOfficials/Registrar.php,"Standardized profile view, dean/official bio, dynamic SEO tags, contact details, and document attachment.",Medium,Completed
16,10-09-2026,"About - University Officials","Finance Officer",About/UniversityOfficials/Finance_Officer.php,"Standardized profile view, dean/official bio, dynamic SEO tags, contact details, and document attachment.",Medium,Completed
17,10-09-2026,"About - University Officials","Deputy Registrar",About/UniversityOfficials/DeputyRegistrar.php,"Standardized profile view, dean/official bio, dynamic SEO tags, contact details, and document attachment.",Medium,Completed
18,10-09-2026,"About - University Officials","Exam Controller",About/UniversityOfficials/Exam_Controller.php,"Standardized profile view, dean/official bio, dynamic SEO tags, contact details, and document attachment.",Medium,Completed
19,10-09-2026,"About - University Officials","Chief Vigilance Officer",About/UniversityOfficials/Chief_Vigilance_Officer.php,"Standardized profile view, dean/official bio, dynamic SEO tags, contact details, and document attachment.",Medium,Completed
20,10-09-2026,"About - University Officials","Governing Body",About/UniversityOfficials/GoverningBody.php,"Standardized profile view, dean/official bio, dynamic SEO tags, contact details, and document attachment.",Medium,Completed
21,10-09-2026,"About - University Officials","Board of Management",About/UniversityOfficials/BoardOfManagement.php,"Standardized profile view, dean/official bio, dynamic SEO tags, contact details, and document attachment.",Medium,Completed
22,10-09-2026,"About - University Officials","Board of Studies",About/UniversityOfficials/Board_Of_Studies.php,"Standardized profile view, dean/official bio, dynamic SEO tags, contact details, and document attachment.",Medium,Completed
23,10-09-2026,"About - University Officials","Academic Council",About/UniversityOfficials/AcademicCouncil.php,"Standardized profile view, dean/official bio, dynamic SEO tags, contact details, and document attachment.",Medium,Completed
24,10-09-2026,"About - University Officials","Finance Committee",About/UniversityOfficials/FinanceCommittee.php,"Standardized profile view, dean/official bio, dynamic SEO tags, contact details, and document attachment.",Medium,Completed
25,10-09-2026,"About - University Officials","Standing Committee",About/UniversityOfficials/StandingCommittee.php,"Standardized profile view, dean/official bio, dynamic SEO tags, contact details, and document attachment.",Medium,Completed
26,10-09-2026,"About - University Officials",STATUTES,About/UniversityOfficials/STATUTES.php,"Standardized profile view, dean/official bio, dynamic SEO tags, contact details, and document attachment.",Medium,Completed
27,10-09-2026,"About - University Officials","AUDIT REPORT",About/UniversityOfficials/Audit_Report.php,"Standardized profile view, dean/official bio, dynamic SEO tags, contact details, and document attachment.",Medium,Completed
28,10-09-2026,"About - University Officials",Dean,About/UniversityOfficials/Dean.php,"Standardized profile view, dean/official bio, dynamic SEO tags, contact details, and document attachment.",Medium,Completed
29,10-09-2026,"About - University Officials","Head Of The Department",About/UniversityOfficials/HeadOfTheDepartment.php,"Standardized profile view, dean/official bio, dynamic SEO tags, contact details, and document attachment.",Medium,Completed
30,10-09-2026,"About - Approvals & Ordinances",Approvals,About/ApprovalsAndOrdinances/Approvals.php,"Verified HTTP 200, synchronized live portal data, connected dynamic SEO meta tags, and verified layout.",Medium,Completed
31,10-09-2026,"About - Approvals & Ordinances",Ordinances,About/ApprovalsAndOrdinances/Ordinances.php,"Verified HTTP 200, synchronized live portal data, connected dynamic SEO meta tags, and verified layout.",Medium,Completed
32,10-09-2026,"About - Amenities",Transportation,About/Amenities/Transportation.php,"Verified HTTP 200, synchronized live portal data, connected dynamic SEO meta tags, and verified layout.",Medium,Completed
33,10-09-2026,"About - Amenities",Hostel,About/Amenities/Hostel.php,"Verified HTTP 200, synchronized live portal data, connected dynamic SEO meta tags, and verified layout.",Medium,Completed
34,10-09-2026,"About - Amenities",Library,About/Amenities/Library.php,"Verified HTTP 200, synchronized live portal data, connected dynamic SEO meta tags, and verified layout.",Medium,Completed
35,10-09-2026,"About - Amenities","Medical Facility",About/Amenities/MedicalFacility.php,"Verified HTTP 200, synchronized live portal data, connected dynamic SEO meta tags, and verified layout.",Medium,Completed
36,10-09-2026,"About - Amenities","Guest House",About/Amenities/GuestHouse.php,"Verified HTTP 200, synchronized live portal data, connected dynamic SEO meta tags, and verified layout.",Medium,Completed
37,10-09-2026,"About - MOU & Activities","NCC MOU",About/NCC/MOU.php,"Verified HTTP 200, synchronized live portal data, connected dynamic SEO meta tags, and verified layout.",Medium,Completed
38,10-09-2026,"About - MOU & Activities",Activity,About/NCC/Activity.php,"Verified HTTP 200, synchronized live portal data, connected dynamic SEO meta tags, and verified layout.",Medium,Completed
39,10-09-2026,"About - Compliance & Portals","Public Self Disclosure",About/Public_Self_Disclosure.php,"Audited 45 statutory regulatory parameters, linked working internal pages, official portals & verified live files.",High,Completed
40,10-09-2026,"About - Compliance & Portals","Central Facilities",About/Central_Facilities.php,"Verified HTTP 200, synchronized live portal data, connected dynamic SEO meta tags, and verified layout.",Medium,Completed
41,10-09-2026,"About - Compliance & Portals","Institutional Development Plan",About/Institutional_Development_Plan.php,"Verified HTTP 200, synchronized live portal data, connected dynamic SEO meta tags, and verified layout.",Medium,Completed
42,10-09-2026,"About - Compliance & Portals","Annual Reports",About/Annual_Reports.php,"Verified HTTP 200, synchronized live portal data, connected dynamic SEO meta tags, and verified layout.",Medium,Completed
43,10-09-2026,"About - Compliance & Portals",NSS,About/NSS.php,"Verified HTTP 200, synchronized live portal data, connected dynamic SEO meta tags, and verified layout.",Medium,Completed
44,10-09-2026,"About - Constituent Institutes","College of Pharmacy",About/College_of_pharmacy.php,"Configured PCI/AICTE approved units with program details, prospectus links, and live external/internal URLs.",Medium,Completed
45,10-09-2026,"About - Constituent Institutes","Faculty of Education",About/Faculty_of_Education.php,"Configured PCI/AICTE approved units with program details, prospectus links, and live external/internal URLs.",Medium,Completed
46,10-09-2026,"About - Constituent Institutes","Polytechnic Pharmacy",About/POLP.php,"Configured PCI/AICTE approved units with program details, prospectus links, and live external/internal URLs.",Medium,Completed
47,10-09-2026,"About - Constituent Institutes","School of Pharmacy",About/sop.php,"Configured PCI/AICTE approved units with program details, prospectus links, and live external/internal URLs.",Medium,Completed
48,10-09-2026,"About - Constituent Institutes","Sri Ramnath Kapoor Memorial School Of Pharmacy",About/srkmsop.php,"Configured PCI/AICTE approved units with program details, prospectus links, and live external/internal URLs.",Medium,Completed
49,10-09-2026,"Academic Faculties","SCHOOL OF ENGINEERING & TECHNOLOGY",Academic/FacultiesAndDepartments/EngineeringAndTechnology.php,"Created & verified faculty page with School of Engineering, dean profile, academic programs, department matrix & syllabus PDF linkage.",High,Completed
50,10-09-2026,"Academic Faculties","Faculty of Pharmacy",Academic/FacultiesAndDepartments/Pharmacy.php,"Created & verified faculty page with School of Pharmacy & Research, dean profile, academic programs, department matrix & syllabus PDF linkage.",High,Completed
51,10-09-2026,"Academic Faculties","Faculty of Education",Academic/FacultiesAndDepartments/Education.php,"Created & verified faculty page with School of Education, dean profile, academic programs, department matrix & syllabus PDF linkage.",High,Completed
52,10-09-2026,"Academic Faculties","Faculty of Management Studies",Academic/FacultiesAndDepartments/Management.php,"Created & verified faculty page with School of Management Studies, dean profile, academic programs, department matrix & syllabus PDF linkage.",High,Completed
53,10-09-2026,"Academic Faculties","School of Design",Academic/FacultiesAndDepartments/Design.php,"Created & verified faculty page with Faculty of Design, dean profile, academic programs, department matrix & syllabus PDF linkage.",High,Completed
54,10-09-2026,"Academic Faculties","Faculty of Humanities and Languages",Academic/FacultiesAndDepartments/HumanitiesAndLanguages.php,"Created & verified faculty page with School of Humanities & Social Sciences, dean profile, academic programs, department matrix & syllabus PDF linkage.",High,Completed
55,10-09-2026,"Academic Faculties","Faculty of Computer Science & Application",Academic/FacultiesAndDepartments/ComputerScienceAndApplication.php,"Created & verified faculty page with School of Computer Applications, dean profile, academic programs, department matrix & syllabus PDF linkage.",High,Completed
56,10-09-2026,"Academic Faculties","Faculty of Commerce",Academic/FacultiesAndDepartments/Commerce.php,"Created & verified faculty page with School of Commerce, dean profile, academic programs, department matrix & syllabus PDF linkage.",High,Completed
57,10-09-2026,"Academic Faculties","Faculty of Science",Academic/FacultiesAndDepartments/Science.php,"Created & verified faculty page with School of Basic & Applied Sciences, dean profile, academic programs, department matrix & syllabus PDF linkage.",High,Completed
58,10-09-2026,"Academic Faculties","Faculty of Ayurveda & Siddha Studies",Academic/FacultiesAndDepartments/Ayurveda.php,"Created & verified faculty page with School of Ayurveda, dean profile, academic programs, department matrix & syllabus PDF linkage.",High,Completed
59,10-09-2026,"Academic Faculties","Faculty of Law",Academic/FacultiesAndDepartments/Law.php,"Created & verified faculty page with School of Law, dean profile, academic programs, department matrix & syllabus PDF linkage.",High,Completed
60,10-09-2026,"Academic Faculties","Faculty of Homoeopathy",Academic/FacultiesAndDepartments/Homeopathy.php,"Created & verified faculty page with School of Homoeopathy, dean profile, academic programs, department matrix & syllabus PDF linkage.",High,Completed
61,10-09-2026,"Academic Faculties","Faculty of Paramedical Studies",Academic/FacultiesAndDepartments/Paramedical.php,"Created & verified faculty page with School of Paramedical Sciences, dean profile, academic programs, department matrix & syllabus PDF linkage.",High,Completed
62,10-09-2026,"Academic Faculties","Faculty of Nursing Sciences",Academic/FacultiesAndDepartments/Nursing.php,"Created & verified faculty page with School of Nursing, dean profile, academic programs, department matrix & syllabus PDF linkage.",High,Completed
